"Frequency Hz","Response db"
10.0,-1.986027
19.99,-1.553617
29.98,-0.899379
39.97,-1.200556
49.96,-1.223465
59.95,-0.945339
69.94,-1.093436
79.93,-1.100615
89.92,-0.932949
99.91,-1.053553
109.9,-1.043592
119.89,-0.927827
129.88,-1.025634
139.87,-0.986967
149.86,-0.91562
159.85,-1.004189
169.84,-0.943244
179.83,-0.912653
189.82,-0.979183
199.81,-0.905911
209.8,-0.922367
219.79,-0.963335
229.78,-0.89956
239.77,-0.952945
249.76,-0.95738
259.75,-0.927498
269.74,-0.998384
279.73,-0.970187
289.72,-0.986218
299.71,-1.029617
309.7,-0.988112
319.69,-1.035476
329.68,-1.023757
339.67,-1.00265
349.66,-1.03664
359.65,-0.986812
369.64,-1.009779
379.63,-1.004003
389.62,-0.982
399.61,-1.023591
409.6,-0.996374
419.59,-1.035724
429.58,-1.045538
439.57,-1.042977
449.56,-1.08089
459.55,-1.049415
469.54,-1.078268
479.53,-1.05663
489.52,-1.052853
499.51,-1.065867
509.5,-1.04533
519.49,-1.088108
529.48,-1.074195
539.47,-1.110571
549.46,-1.110212
559.45,-1.113752
569.44,-1.125162
579.43,-1.099563
589.42,-1.123413
599.41,-1.100686
609.4,-1.137589
619.39,-1.134486
629.38,-1.160999
639.37,-1.16574
649.36,-1.164093
659.35,-1.172202
669.34,-1.154381
679.33,-1.17977
689.32,-1.170896
699.31,-1.21169
709.3,-1.202438
719.29,-1.228803
729.28,-1.208235
739.27,-1.222544
749.26,-1.216102
759.25,-1.238536
769.24,-1.250593
779.23,-1.266411
789.22,-1.270863
799.21,-1.266216
809.2,-1.273006
819.19,-1.277665
829.18,-1.304193
839.17,-1.309937
849.16,-1.325989
859.15,-1.314352
869.14,-1.328127
879.13,-1.328277
889.12,-1.358047
899.11,-1.361714
909.1,-1.377161
919.09,-1.366374
929.08,-1.38171
939.07,-1.389912
949.06,-1.416441
959.05,-1.419383
969.04,-1.424403
979.03,-1.425319
989.02,-1.441204
999.01,-1.461552
1000.0,-1.461448
1009.0,-1.469258
1018.99,-1.47721
1028.98,-1.473115
1038.97,-1.498499
1048.96,-1.50591
1058.95,-1.530604
1068.94,-1.516613
1078.93,-1.537948
1088.92,-1.541607
1098.91,-1.573427
1108.9,-1.569341
1118.89,-1.578495
1128.88,-1.587632
1138.87,-1.607785
1148.86,-1.625919
1158.85,-1.61885
1168.84,-1.638752
1178.83,-1.644788
1188.82,-1.675263
1198.81,-1.668916
1208.8,-1.682188
1218.79,-1.697997
1228.78,-1.714244
1238.77,-1.728998
1248.76,-1.722027
1258.75,-1.75214
1268.74,-1.76086
1278.73,-1.775603
1288.72,-1.779458
1298.71,-1.793281
1308.7,-1.822806
1318.69,-1.81658
1328.68,-1.834437
1338.67,-1.8483
1348.66,-1.866566
1358.65,-1.877251
1368.64,-1.878279
1378.63,-1.91212
1388.62,-1.916728
1398.61,-1.922614
1408.6,-1.945606
1418.59,-1.957035
1428.58,-1.974979
1438.57,-1.977952
1448.56,-2.0001
1458.55,-2.02186
1468.54,-2.016507
1478.53,-2.043265
1488.52,-2.062086
1498.51,-2.063564
1508.5,-2.086211
1518.49,-2.101327
1528.48,-2.114108
1538.47,-2.128254
1548.46,-2.141408
1558.45,-2.164449
1568.44,-2.170792
1578.43,-2.18434
1588.42,-2.212948
1598.41,-2.214497
1608.4,-2.22973
1618.39,-2.259759
1628.38,-2.259615
1638.37,-2.277413
1648.36,-2.306638
1658.35,-2.30587
1668.34,-2.325072
1678.33,-2.353519
1688.32,-2.353263
1698.31,-2.374279
1708.3,-2.401402
1718.29,-2.401312
1728.28,-2.423756
1738.27,-2.449946
1748.26,-2.450108
1758.25,-2.474229
1768.24,-2.499196
1778.23,-2.499375
1788.22,-2.52467
1798.21,-2.548074
1808.2,-2.551533
1818.19,-2.576264
1828.18,-2.596239
1838.17,-2.605068
1848.16,-2.626908
1858.15,-2.644155
1868.14,-2.662119
1878.13,-2.678031
1888.12,-2.692895
1898.11,-2.719828
1908.1,-2.728395
1918.09,-2.743826
1928.08,-2.775376
1938.07,-2.780884
1948.06,-2.798706
1958.05,-2.824793
1968.04,-2.836955
1978.03,-2.856725
1988.02,-2.870594
1998.01,-2.895975
1999.0,-2.891638
2008.0,-2.913545
2017.99,-2.92133
2027.98,-2.952584
2037.97,-2.967302
2047.96,-2.98266
2057.95,-3.001701
2067.94,-3.021198
2077.93,-3.047227
2087.92,-3.052836
2097.91,-3.077184
2107.9,-3.099961
2117.89,-3.115753
2127.88,-3.134881
2137.87,-3.147737
2147.86,-3.179606
2157.85,-3.191362
2167.84,-3.209094
2177.83,-3.228146
2187.82,-3.250409
2197.81,-3.274694
2207.8,-3.282643
2217.79,-3.308398
2227.78,-3.325554
2237.77,-3.352945
2247.76,-3.364075
2257.75,-3.383366
2267.74,-3.406142
2277.73,-3.427723
2287.72,-3.449393
2297.71,-3.459562
2307.7,-3.486295
2317.69,-3.503389
2327.68,-3.532438
2337.67,-3.542243
2347.66,-3.564845
2357.65,-3.581096
2367.64,-3.6098
2377.63,-3.627218
2387.62,-3.646682
2397.61,-3.662395
2407.6,-3.685337
2417.59,-3.709691
2427.58,-3.730546
2437.57,-3.749245
2447.56,-3.76459
2457.55,-3.788611
2467.54,-3.809912
2477.53,-3.836051
2487.52,-3.851546
2497.51,-3.872496
2507.5,-3.888804
2517.49,-3.915089
2527.48,-3.935979
2537.47,-3.960605
2547.46,-3.976639
2557.45,-3.997176
2567.44,-4.015309
2577.43,-4.04089
2587.42,-4.063659
2597.41,-4.08657
2607.4,-4.105613
2617.39,-4.123294
2627.38,-4.145063
2637.37,-4.16485
2647.36,-4.19289
2657.35,-4.211608
2667.34,-4.23843
2677.33,-4.251637
2687.32,-4.277056
2697.31,-4.291781
2707.3,-4.320372
2717.29,-4.339369
2727.28,-4.367228
2737.27,-4.386573
2747.26,-4.407717
2757.25,-4.428336
2767.24,-4.446306
2777.23,-4.471752
2787.22,-4.489724
2797.21,-4.519569
2807.2,-4.538421
2817.19,-4.565579
2827.18,-4.583798
2837.17,-4.604999
2847.16,-4.626953
2857.15,-4.644255
2867.14,-4.671476
2877.13,-4.689263
2887.12,-4.71808
2897.11,-4.739007
2907.1,-4.762973
2917.09,-4.787736
2927.08,-4.804643
2937.07,-4.831026
2947.06,-4.847159
2957.05,-4.871761
2967.04,-4.894057
2977.03,-4.914166
2987.02,-4.942966
2997.01,-4.961389
2998.0,-4.957613
3007.0,-4.989301
3016.99,-5.01226
3026.98,-5.033349
3036.97,-5.060687
3046.96,-5.07816
3056.95,-5.103104
3066.94,-5.125249
3076.93,-5.143881
3086.92,-5.170907
3096.91,-5.18889
3106.9,-5.212819
3116.89,-5.238488
3126.88,-5.257165
3136.87,-5.284922
3146.86,-5.30756
3156.85,-5.329017
3166.84,-5.35771
3176.83,-5.377875
3186.82,-5.401655
3196.81,-5.428831
3206.8,-5.447798
3216.79,-5.473893
3226.78,-5.498
3236.77,-5.517219
3246.76,-5.544441
3256.75,-5.567109
3266.74,-5.58672
3276.73,-5.614175
3286.72,-5.635351
3296.71,-5.656191
3306.7,-5.683881
3316.69,-5.704865
3326.68,-5.726226
3336.67,-5.754016
3346.66,-5.774703
3356.65,-5.796329
3366.64,-5.823625
3376.63,-5.844813
3386.62,-5.866523
3396.61,-5.894149
3406.6,-5.916184
3416.59,-5.937081
3426.58,-5.964384
3436.57,-5.987573
3446.56,-6.008414
3456.55,-6.035303
3466.54,-6.060064
3476.53,-6.080376
3486.52,-6.105283
3496.51,-6.132202
3506.5,-6.152729
3516.49,-6.176002
3526.48,-6.203755
3536.47,-6.226241
3546.46,-6.247273
3556.45,-6.273957
3566.44,-6.29861
3576.43,-6.318131
3586.42,-6.341786
3596.41,-6.368689
3606.4,-6.390098
3616.39,-6.410799
3626.38,-6.436106
3636.37,-6.461114
3646.36,-6.481125
3656.35,-6.504209
3666.34,-6.531163
3676.33,-6.555656
3686.32,-6.576354
3696.31,-6.60165
3706.3,-6.629689
3716.29,-6.65326
3726.28,-6.674558
3736.27,-6.699868
3746.26,-6.726628
3756.25,-6.748673
3766.24,-6.769075
3776.23,-6.792792
3786.22,-6.81881
3796.21,-6.840704
3806.2,-6.861268
3816.19,-6.886092
3826.18,-6.913985
3836.17,-6.938954
3846.16,-6.960844
3856.15,-6.985484
3866.14,-7.011638
3876.13,-7.035981
3886.12,-7.056278
3896.11,-7.077091
3906.1,-7.1012
3916.09,-7.127828
3926.08,-7.151604
3936.07,-7.17415
3946.06,-7.199071
3956.05,-7.225544
3966.04,-7.250916
3976.03,-7.271504
3986.02,-7.292085
3996.01,-7.315382
3997.0,-7.317638
4006.0,-7.341514
4015.99,-7.367873
4025.98,-7.391508
4035.97,-7.414327
4045.96,-7.437545
4055.95,-7.462113
4065.94,-7.485812
4075.93,-7.508215
4085.92,-7.530555
4095.91,-7.555304
4105.9,-7.582289
4115.89,-7.607753
4125.88,-7.630637
4135.87,-7.65072
4145.86,-7.672128
4155.85,-7.69731
4165.84,-7.724967
4175.83,-7.751311
4185.82,-7.774218
4195.81,-7.794548
4205.8,-7.814916
4215.79,-7.839343
4225.78,-7.866946
4235.77,-7.893856
4245.76,-7.917105
4255.75,-7.937961
4265.74,-7.958981
4275.73,-7.982829
4285.72,-8.009453
4295.71,-8.035701
4305.7,-8.059539
4315.69,-8.081365
4325.68,-8.103892
4335.67,-8.127842
4345.66,-8.152506
4355.65,-8.175733
4365.64,-8.199048
4375.63,-8.223429
4385.62,-8.249574
4395.61,-8.274905
4405.6,-8.296729
4415.59,-8.316527
4425.58,-8.339204
4435.57,-8.365327
4445.56,-8.391479
4455.55,-8.415658
4465.54,-8.438869
4475.53,-8.462216
4485.52,-8.487962
4495.51,-8.511533
4505.5,-8.531863
4515.49,-8.553399
4525.48,-8.578341
4535.47,-8.604561
4545.46,-8.628587
4555.45,-8.650587
4565.44,-8.675796
4575.43,-8.7026
4585.42,-8.725615
4595.41,-8.746376
4605.4,-8.768903
4615.39,-8.794149
4625.38,-8.817712
4635.37,-8.838086
4645.36,-8.861407
4655.35,-8.888022
4665.34,-8.912336
4675.33,-8.934302
4685.32,-8.958295
4695.31,-8.985285
4705.3,-9.008877
4715.29,-9.029873
4725.28,-9.054153
4735.27,-9.080031
4745.26,-9.102037
4755.25,-9.122968
4765.24,-9.14843
4775.23,-9.172185
4785.22,-9.193519
4795.21,-9.215792
4805.2,-9.241778
4815.19,-9.26451
4825.18,-9.285936
4835.17,-9.311094
4845.16,-9.336124
4855.15,-9.357194
4865.14,-9.380743
4875.13,-9.406866
4885.12,-9.429343
4895.11,-9.450969
4905.1,-9.477144
4915.09,-9.500889
4925.08,-9.522111
4935.07,-9.547089
4945.06,-9.572136
4955.05,-9.593133
4965.04,-9.617237
4975.03,-9.642905
4985.02,-9.663948
4995.01,-9.686862
4996.0,-9.681231
5005.0,-9.712732
5014.99,-9.733967
5024.98,-9.756256
5034.97,-9.78258
5044.96,-9.80401
5054.95,-9.826605
5064.94,-9.85209
5074.93,-9.873482
5084.92,-9.895492
5094.91,-9.921677
5104.9,-9.942514
5114.89,-9.964674
5124.88,-9.990134
5134.87,-10.011006
5144.86,-10.03406
5154.85,-10.05901
5164.84,-10.079415
5174.83,-10.103718
5184.82,-10.127922
5194.81,-10.148291
5204.8,-10.173973
5214.79,-10.196785
5224.78,-10.218192
5234.77,-10.244567
5244.76,-10.265532
5254.75,-10.288829
5264.74,-10.315107
5274.73,-10.335264
5284.72,-10.36052
5294.71,-10.383788
5304.7,-10.404441
5314.69,-10.430269
5324.68,-10.450291
5334.67,-10.47334
5344.66,-10.497045
5354.65,-10.516423
5364.64,-10.541852
5374.63,-10.562783
5384.62,-10.585739
5394.61,-10.611011
5404.6,-10.6315
5414.59,-10.658027
5424.58,-10.679341
5434.57,-10.702956
5444.56,-10.726837
5454.55,-10.746666
5464.54,-10.771332
5474.53,-10.790292
5484.52,-10.814264
5494.51,-10.836746
5504.5,-10.858739
5514.49,-10.884042
5524.48,-10.904863
5534.47,-10.931044
5544.46,-10.95146
5554.45,-10.974416
5564.44,-10.995975
5574.43,-11.016897
5584.42,-11.040621
5594.41,-11.061664
5604.4,-11.088002
5614.39,-11.10845
5624.38,-11.133051
5634.37,-11.153892
5644.36,-11.175908
5654.35,-11.197407
5664.34,-11.218468
5674.33,-11.24314
5684.32,-11.2638
5694.31,-11.289167
5704.3,-11.309227
5714.29,-11.333524
5724.28,-11.351806
5734.27,-11.376075
5744.26,-11.396074
5754.25,-11.421815
5764.24,-11.443443
5774.23,-11.466956
5784.22,-11.486507
5794.21,-11.508046
5804.2,-11.529478
5814.19,-11.55273
5824.18,-11.57675
5834.17,-11.59843
5844.16,-11.620261
5854.15,-11.639987
5864.14,-11.662731
5874.13,-11.684293
5884.12,-11.708273
5894.11,-11.729849
5904.1,-11.751562
5914.09,-11.770924
5924.08,-11.793982
5934.07,-11.816158
5944.06,-11.839773
5954.05,-11.86017
5964.04,-11.88088
5974.03,-11.901967
5984.02,-11.924903
5994.01,-11.949002
5995.0,-11.939051
6004.0,-11.968946
6013.99,-11.990617
6023.98,-12.00984
6033.97,-12.034872
6043.96,-12.055554
6053.95,-12.079343
6063.94,-12.096589
6073.93,-12.120314
6083.92,-12.140594
6093.91,-12.165781
6103.9,-12.184413
6113.89,-12.205677
6123.88,-12.227531
6133.87,-12.249911
6143.86,-12.272611
6153.85,-12.290767
6163.84,-12.31406
6173.83,-12.334503
6183.82,-12.359337
6193.81,-12.377238
6203.8,-12.399452
6213.79,-12.421342
6223.78,-12.443365
6233.77,-12.464946
6243.76,-12.482545
6253.75,-12.507978
6263.74,-12.527742
6273.73,-12.549001
6283.72,-12.568583
6293.71,-12.590879
6303.7,-12.61494
6313.69,-12.632316
6323.68,-12.654528
6333.67,-12.676762
6343.66,-12.698268
6353.65,-12.718705
6363.64,-12.737832
6373.63,-12.762603
6383.62,-12.781856
6393.61,-12.801532
6403.6,-12.82424
6413.59,-12.844812
6423.58,-12.866929
6433.57,-12.884984
6443.56,-12.908348
6453.55,-12.930028
6463.54,-12.947182
6473.53,-12.971235
6483.52,-12.993217
6493.51,-13.011522
6503.5,-13.034286
6513.49,-13.054751
6523.48,-13.075718
6533.47,-13.096252
6543.46,-13.116341
6553.45,-13.139915
6563.44,-13.158038
6573.43,-13.178184
6583.42,-13.202136
6593.41,-13.219368
6603.4,-13.240682
6613.39,-13.264673
6623.38,-13.281532
6633.37,-13.302426
6643.36,-13.326627
6653.35,-13.342637
6663.34,-13.364911
6673.33,-13.388755
6683.32,-13.405122
6693.31,-13.426625
6703.3,-13.450096
6713.29,-13.466869
6723.28,-13.488883
6733.27,-13.512359
6743.26,-13.528483
6753.25,-13.551015
6763.24,-13.572822
6773.23,-13.58904
6783.22,-13.611935
6793.21,-13.63422
6803.2,-13.65055
6813.19,-13.673124
6823.18,-13.695038
6833.17,-13.712067
6843.16,-13.734798
6853.15,-13.755025
6863.14,-13.774538
6873.13,-13.795282
6883.12,-13.815323
6893.11,-13.837022
6903.1,-13.855678
6913.09,-13.875506
6923.08,-13.898972
6933.07,-13.916137
6943.06,-13.936465
6953.05,-13.95944
6963.04,-13.977169
6973.03,-13.997518
6983.02,-14.017257
6993.01,-14.038366
6994.0,-14.033401
7003.0,-14.058315
7012.99,-14.07529
7022.98,-14.099492
7032.97,-14.118248
7042.96,-14.135982
7052.95,-14.158495
7062.94,-14.177805
7072.93,-14.199233
7082.92,-14.216185
7092.91,-14.238091
7102.9,-14.259316
7112.89,-14.27736
7122.88,-14.298333
7132.87,-14.317149
7142.86,-14.339561
7152.85,-14.357506
7162.84,-14.376264
7172.83,-14.397885
7182.82,-14.417493
7192.81,-14.438519
7202.8,-14.454703
7212.79,-14.476815
7222.78,-14.496175
7232.77,-14.516985
7242.76,-14.534375
7252.75,-14.554012
7262.74,-14.576295
7272.73,-14.594291
7282.72,-14.614797
7292.71,-14.631421
7302.7,-14.654226
7312.69,-14.672681
7322.68,-14.693424
7332.67,-14.710586
7342.66,-14.731087
7352.65,-14.751259
7362.64,-14.772219
7372.63,-14.791201
7382.62,-14.808864
7392.61,-14.82928
7402.6,-14.848257
7412.59,-14.869737
7422.58,-14.887284
7432.57,-14.906576
7442.56,-14.924402
7452.55,-14.946863
7462.54,-14.964612
7472.53,-14.985974
7482.52,-15.001984
7492.51,-15.022405
7502.5,-15.040711
7512.49,-15.063022
7522.48,-15.080739
7532.47,-15.101325
7542.46,-15.11805
7552.45,-15.138363
7562.44,-15.156311
7572.43,-15.178487
7582.42,-15.19678
7592.41,-15.217099
7602.4,-15.233544
7612.39,-15.254014
7622.38,-15.272453
7632.37,-15.293246
7642.36,-15.312751
7652.35,-15.332024
7662.34,-15.350058
7672.33,-15.367624
7682.32,-15.3873
7692.31,-15.404914
7702.3,-15.427384
7712.29,-15.445273
7722.28,-15.465487
7732.27,-15.481591
7742.26,-15.502684
7752.25,-15.519499
7762.24,-15.539327
7772.23,-15.558514
7782.22,-15.577584
7792.21,-15.599057
7802.2,-15.61553
7812.19,-15.635729
7822.18,-15.652331
7832.17,-15.67205
7842.16,-15.689472
7852.15,-15.709357
7862.14,-15.728871
7872.13,-15.747181
7882.12,-15.768482
7892.11,-15.785545
7902.1,-15.805181
7912.09,-15.822507
7922.08,-15.841145
7932.07,-15.86026
7942.06,-15.877301
7952.05,-15.897864
7962.04,-15.915176
7972.03,-15.934495
7982.02,-15.954326
7992.01,-15.971572
7993.0,-15.972278
8002.0,-15.99287
8011.99,-16.008874
8021.98,-16.02783
8031.97,-16.046495
8041.96,-16.063116
8051.95,-16.083236
8061.94,-16.099434
8071.93,-16.119085
8081.92,-16.138703
8091.91,-16.155541
8101.9,-16.176261
8111.89,-16.193899
8121.88,-16.212462
8131.87,-16.232818
8141.86,-16.249303
8151.85,-16.268687
8161.84,-16.288056
8171.83,-16.304828
8181.82,-16.32503
8191.81,-16.343271
8201.8,-16.360305
8211.79,-16.380034
8221.78,-16.396215
8231.77,-16.414513
8241.76,-16.434483
8251.75,-16.451062
8261.74,-16.469443
8271.73,-16.488614
8281.72,-16.504876
8291.71,-16.523941
8301.7,-16.542993
8311.69,-16.559275
8321.68,-16.578096
8331.67,-16.597045
8341.66,-16.613411
8351.65,-16.632522
8361.64,-16.651468
8371.63,-16.667775
8381.62,-16.687214
8391.61,-16.705861
8401.6,-16.722221
8411.59,-16.741236
8421.58,-16.760225
8431.57,-16.776948
8441.56,-16.795383
8451.55,-16.814717
8461.54,-16.831769
8471.53,-16.848631
8481.52,-16.868708
8491.51,-16.886732
8501.5,-16.902995
8511.49,-16.922766
8521.48,-16.940589
8531.47,-16.957504
8541.46,-16.976471
8551.45,-16.995299
8561.44,-17.012387
8571.43,-17.029597
8581.42,-17.049156
8591.41,-17.067141
8601.4,-17.083024
8611.39,-17.102032
8621.38,-17.121143
8631.37,-17.137876
8641.36,-17.153933
8651.35,-17.172591
8661.34,-17.190623
8671.33,-17.206756
8681.32,-17.224408
8691.31,-17.242544
8701.3,-17.260987
8711.29,-17.277304
8721.28,-17.296009
8731.27,-17.314779
8741.26,-17.332386
8751.25,-17.34939
8761.24,-17.367496
8771.23,-17.386285
8781.22,-17.403876
8791.21,-17.420262
8801.2,-17.437249
8811.19,-17.455809
8821.18,-17.472875
8831.17,-17.489202
8841.16,-17.506349
8851.15,-17.525598
8861.14,-17.544367
8871.13,-17.561758
8881.12,-17.578105
8891.11,-17.596161
8901.1,-17.613915
8911.09,-17.630682
8921.08,-17.645652
8931.07,-17.663069
8941.06,-17.682532
8951.05,-17.701008
8961.04,-17.718081
8971.03,-17.734771
8981.02,-17.7524
8991.01,-17.770149
8992.0,-17.771072
9001.0,-17.787098
9010.99,-17.803243
9020.98,-17.819304
9030.97,-17.837962
9040.96,-17.856751
9050.95,-17.875365
9060.94,-17.892024
9070.93,-17.907445
9080.92,-17.924441
9090.91,-17.941682
9100.9,-17.960425
9110.89,-17.978146
9120.88,-17.994705
9130.87,-18.011061
9140.86,-18.027851
9150.85,-18.046278
9160.84,-18.062972
9170.83,-18.079989
9180.82,-18.097747
9190.81,-18.114532
9200.8,-18.13198
9210.79,-18.148729
9220.78,-18.16608
9230.77,-18.182933
9240.76,-18.200593
9250.75,-18.217619
9260.74,-18.233775
9270.73,-18.250445
9280.72,-18.268687
9290.71,-18.286006
9300.7,-18.303169
9310.69,-18.319689
9320.68,-18.334894
9330.67,-18.35135
9340.66,-18.369734
9350.65,-18.387906
9360.64,-18.405337
9370.63,-18.421201
9380.62,-18.436606
9390.61,-18.453137
9400.6,-18.471178
9410.59,-18.488411
9420.58,-18.504699
9430.57,-18.520876
9440.56,-18.538877
9450.55,-18.556999
9460.54,-18.572926
9470.53,-18.589028
9480.52,-18.604272
9490.51,-18.622137
9500.5,-18.639447
9510.49,-18.655969
9520.48,-18.672675
9530.47,-18.689568
9540.46,-18.707808
9550.45,-18.724244
9560.44,-18.740242
9570.43,-18.756078
9580.42,-18.773091
9590.41,-18.78995
9600.4,-18.805403
9610.39,-18.821049
9620.38,-18.839472
9630.37,-18.857564
9640.36,-18.873265
9650.35,-18.889349
9660.34,-18.908052
9670.33,-18.9248
9680.32,-18.939224
9690.31,-18.956117
9700.3,-18.974109
9710.29,-18.989482
9720.28,-19.005422
9730.27,-19.021312
9740.26,-19.038471
9750.25,-19.055456
9760.24,-19.070476
9770.23,-19.08707
9780.22,-19.104308
9790.21,-19.120458
9800.2,-19.136572
9810.19,-19.154191
9820.18,-19.170565
9830.17,-19.185622
9840.16,-19.202769
9850.15,-19.219859
9860.14,-19.235719
9870.13,-19.250681
9880.12,-19.269381
9890.11,-19.284497
9900.1,-19.300105
9910.09,-19.317577
9920.08,-19.333961
9930.07,-19.347808
9940.06,-19.365344
9950.05,-19.381838
9960.04,-19.397202
9970.03,-19.413798
9980.02,-19.430815
9990.01,-19.446696
9991.0,-19.451643
10990.0,-21.016606
11989.0,-22.48367
12988.0,-23.858332
13987.0,-25.149375
14986.0,-26.366014
15985.0,-27.527158
16984.0,-28.622269
17983.0,-29.676329
18982.0,-30.657834
19981.0,-31.611477
20980.0,-32.536102
21979.0,-33.404393
22978.0,-34.224472
23977.0,-35.028985
24976.0,-35.816516
25975.0,-36.590475
26974.0,-37.329569
27973.0,-38.039244
28972.0,-38.730998
29971.0,-39.400328
30970.0,-40.066321
31969.0,-40.740294
32968.0,-41.415565
33967.0,-42.104864
34966.0,-42.818245
35965.0,-43.549482
36964.0,-44.305709
37963.0,-45.093454
38962.0,-45.906095
39961.0,-46.723672
40960.0,-47.558286
41959.0,-48.409987
42958.0,-49.244539
43957.0,-50.090381
44956.0,-50.915376
45955.0,-51.721154
46954.0,-52.508015
47953.0,-53.246823
48952.0,-53.953994
49951.0,-54.628072
50950.0,-55.251073
51949.0,-55.842472
52948.0,-56.362777
53947.0,-56.874857
54946.0,-57.259688
55945.0,-57.643023
56944.0,-58.032584
57943.0,-58.326001
58942.0,-58.580988
59941.0,-58.870047
60940.0,-59.097108
61939.0,-59.306353
62938.0,-59.534466
63937.0,-59.778785
64936.0,-60.047697
65935.0,-60.40198
66934.0,-60.632954
67933.0,-60.985649
68932.0,-61.411406
69931.0,-61.805683
70930.0,-62.314157
71929.0,-62.742842
72928.0,-63.120126
73927.0,-63.582061
74926.0,-64.166481
75925.0,-64.661875
76924.0,-65.073619
77923.0,-65.568877
78922.0,-66.082908
79921.0,-66.43259
80920.0,-66.950287
81919.0,-67.222254
82918.0,-67.938335
83917.0,-68.290777
84916.0,-68.59959
85915.0,-69.012015
86914.0,-69.548265
87913.0,-69.813763
88912.0,-70.338331
89911.0,-70.57239
90910.0,-70.93008
91909.0,-71.172747
92908.0,-71.737563
93907.0,-71.999286
94906.0,-72.154593
95905.0,-72.647478
96904.0,-72.785761
97903.0,-73.063908
98902.0,-73.465582
99901.0,-73.623731
100900.0,-74.2127
101899.0,-74.522884
102898.0,-74.522923
103897.0,-74.844589
104896.0,-75.345348
105895.0,-75.345387
106894.0,-75.699412
107893.0,-76.068451
108892.0,-76.06849
109891.0,-76.827688
110890.0,-76.857042
111889.0,-77.279783
112888.0,-77.073528
113887.0,-77.507603
114886.0,-77.724026
115885.0,-77.723987
116884.0,-77.723949
117883.0,-78.446692
118882.0,-78.957293
119881.0,-78.957255
120880.0,-78.701903
121879.0,-78.957178
122878.0,-79.228405
123877.0,-79.499615
124876.0,-79.211397
125875.0,-79.769605
126874.0,-79.769567
127873.0,-80.037023
128872.0,-80.365912
129871.0,-81.006047
130870.0,-80.697869
131869.0,-81.00597
132868.0,-81.696741
133867.0,-82.02316
134866.0,-82.446746
135865.0,-81.607688
136864.0,-82.088108
137863.0,-82.876606
138862.0,-82.446592
139861.0,-82.446554
140860.0,-83.2669
141859.0,-83.74359
142858.0,-82.876414
143857.0,-83.743513
144856.0,-83.743474
145855.0,-83.743436
146854.0,-84.706503
147853.0,-84.706465
148852.0,-85.248007
149851.0,-85.247969
150850.0,-84.22488
151849.0,-85.247892
152848.0,-85.18052
153847.0,-85.78913
154846.0,-85.247777
155845.0,-85.789054
156844.0,-85.789015
157843.0,-87.025572
158842.0,-86.319723
159841.0,-86.407424
160840.0,-87.025457
161839.0,-87.025419
162838.0,-87.02538
163837.0,-87.025342
164836.0,-87.627176
165835.0,-87.746129
166834.0,-88.466118
167833.0,-87.62706
168832.0,-88.466041
169831.0,-88.190167
170830.0,-89.159229
171829.0,-88.190091
172828.0,-89.159152
173827.0,-89.787022
174826.0,-90.19127
175825.0,-89.159037
176824.0,-89.158999
177823.0,-89.786869
178822.0,-89.78683
179821.0,-89.786792
180820.0,-89.786754
181819.0,-89.786715
182818.0,-89.786677
183817.0,-89.786639
184816.0,-89.7866
185815.0,-92.168954
186814.0,-89.786523
187813.0,-91.69463
188812.0,-90.297972
189811.0,-90.297934
190810.0,-92.168762
191809.0,-91.694477
192808.0,-92.168685
193807.0,-90.636363
194806.0,-92.168608
195805.0,-92.16857
196804.0,-90.297665
197803.0,-92.338827
198802.0,-90.636171
199801.0,-92.33875
200800.0,-92.168378
201799.0,-92.338673
202798.0,-92.338635
203797.0,-90.754971
204796.0,-92.338558
205795.0,-92.33852
206794.0,-92.338481
207793.0,-92.338443
208792.0,-92.168071
209791.0,-92.168033
210790.0,-92.168003
211789.0,-92.167977
212788.0,-92.167952
213787.0,-90.754636
214786.0,-94.013147
215785.0,-92.167877
216784.0,-92.167852
217783.0,-94.013072
218782.0,-92.167802
219781.0,-94.013022
220780.0,-94.276286
221779.0,-94.012972
222778.0,-93.307136
223777.0,-91.693431
224776.0,-94.012897
225775.0,-92.167627
226774.0,-93.307036
227773.0,-93.307011
228772.0,-91.693306
229771.0,-91.693281
230770.0,-91.693256
231769.0,-93.306911
232768.0,-94.012696
233767.0,-93.306861
234766.0,-93.306836
235765.0,-93.306811
236764.0,-93.764361
237763.0,-93.764335
238762.0,-91.693056
239761.0,-93.306711
240760.0,-91.693006
241759.0,-93.306661
242758.0,-92.337535
243757.0,-91.002121
244756.0,-91.692905
245755.0,-92.33746
246754.0,-92.337435
247753.0,-92.33741
248752.0,-93.306485
249751.0,-92.33736
250750.0,-93.306435
251749.0,-91.001921
252748.0,-92.337285
253747.0,-92.33726
254746.0,-91.265136
255745.0,-92.33721
256744.0,-92.337185
257743.0,-91.69258
258742.0,-91.001746
259741.0,-92.33711
260740.0,-92.337085
261739.0,-92.33706
262738.0,-92.337035
263737.0,-92.33701
264736.0,-91.264885
265735.0,-91.26486
266734.0,-92.336935
267733.0,-92.33691
268732.0,-92.336885
269731.0,-91.26476
270730.0,-92.336835
271729.0,-92.33681
272728.0,-91.264685
273727.0,-90.188321
274726.0,-91.264635
275725.0,-92.33671
276724.0,-93.76336
277723.0,-90.188221
278722.0,-91.264535
279721.0,-90.188171
280720.0,-92.336585
281719.0,-91.001171
282718.0,-92.336535
283717.0,-91.001121
284716.0,-91.001096
285715.0,-90.188021
286714.0,-92.336435
287713.0,-91.26431
288712.0,-90.187946
289711.0,-91.26426
290710.0,-90.187896
291709.0,-90.187871
292708.0,-91.264185
293707.0,-91.26416
294706.0,-90.187796
295705.0,-90.187771
296704.0,-90.187746
297703.0,-91.000771
298702.0,-91.264035
299701.0,-92.33611
300700.0,-90.187646
301699.0,-91.000671
302698.0,-92.336035
303697.0,-90.187571
304696.0,-91.263885
305695.0,-90.187521
306694.0,-92.335935
307693.0,-90.187471
308692.0,-91.000495
309691.0,-91.26376
310690.0,-91.691255
311689.0,-90.187374
312688.0,-91.0004
313687.0,-90.187328
314686.0,-90.187305
315685.0,-89.155087
316684.0,-90.187259
317683.0,-90.187235
318682.0,-90.187212
319681.0,-89.782903
320680.0,-90.187166
321679.0,-91.000193
322678.0,-89.154925
323677.0,-90.187097
324676.0,-90.187074
325675.0,-90.187051
326674.0,-89.782741
327673.0,-89.325143
328672.0,-91.000031
329671.0,-90.186959
330670.0,-90.999985
331669.0,-91.263251
332668.0,-89.782603
333667.0,-89.154672
334666.0,-90.999893
335665.0,-90.18682
336664.0,-90.186797
337663.0,-89.782488
338662.0,-90.999801
339661.0,-90.999777
340660.0,-90.186705
341659.0,-89.154487
342658.0,-90.999708
343657.0,-90.999685
344656.0,-90.999662
345655.0,-89.154395
346654.0,-90.186567
347653.0,-90.999593
348652.0,-89.782234
349651.0,-90.999547
350650.0,-90.999524
351649.0,-90.186451
352648.0,-90.186428
353647.0,-90.186405
354646.0,-90.186382
355645.0,-90.186359
356644.0,-92.334775
357643.0,-89.154118
358642.0,-88.679849
359641.0,-89.78198
360640.0,-90.186244
361639.0,-89.781934
362638.0,-90.186198
363637.0,-89.15398
364636.0,-89.153957
365635.0,-89.324267
366634.0,-89.781819
367633.0,-89.153888
368632.0,-89.781773
369631.0,-89.153841
370630.0,-89.153818
371629.0,-88.679549
372628.0,-89.781681
373627.0,-88.460484
374626.0,-89.781634
375625.0,-88.679457
376624.0,-88.460415
377623.0,-89.153657
378622.0,-89.781542
379621.0,-88.184511
380620.0,-89.153588
381619.0,-89.153565
382618.0,-89.153542
383617.0,-89.153519
384616.0,-89.781404
385615.0,-89.153473
386614.0,-89.153449
387613.0,-89.153426
388612.0,-89.153403
389611.0,-89.15338
390610.0,-89.153357
391609.0,-89.781242
392608.0,-88.460046
393607.0,-89.153288
394606.0,-90.998509
395605.0,-89.78115
396604.0,-89.153219
397603.0,-89.323529
398602.0,-89.323506
399601.0,-89.15315
400600.0,-89.781035
401599.0,-88.678857
402598.0,-88.678834
403597.0,-90.185252
404596.0,-89.780943
405595.0,-89.153011
406594.0,-89.780897
407593.0,-89.780874
408592.0,-88.183842
409591.0,-88.183819
410590.0,-88.67865
411589.0,-89.152875
412588.0,-89.780762
413587.0,-89.152832
414586.0,-89.152811
415585.0,-89.780698
416584.0,-88.678522
417583.0,-88.183647
418582.0,-89.152726
419581.0,-89.780612
420580.0,-89.152683
421579.0,-90.184856
422578.0,-88.18354
423577.0,-88.678372
424576.0,-89.152597
425575.0,-88.183476
426574.0,-89.152555
427573.0,-89.152533
428572.0,-90.184707
429571.0,-89.15249
430570.0,-89.152469
431569.0,-89.152448
432568.0,-88.183326
433567.0,-89.152405
434566.0,-88.183283
435565.0,-89.780271
436564.0,-89.780249
437563.0,-88.183219
438562.0,-88.183198
439561.0,-89.152277
440560.0,-89.152255
441559.0,-89.152234
442558.0,-89.152213
443557.0,-89.152191
444556.0,-89.15217
445555.0,-87.619865
446554.0,-90.184322
447553.0,-87.619822
448552.0,-88.182984
449551.0,-88.182963
450550.0,-89.152042
451549.0,-88.18292
452548.0,-89.151999
453547.0,-87.619694
454546.0,-88.182856
455545.0,-88.182835
456544.0,-89.151913
457543.0,-89.151892
458542.0,-88.182771
459541.0,-88.677603
460540.0,-89.151828
461539.0,-88.458542
462538.0,-88.182685
463537.0,-87.61948
464536.0,-88.182642
465535.0,-88.182621
466534.0,-88.1826
467533.0,-88.458413
468532.0,-88.182557
469531.0,-88.182536
470530.0,-89.151614
471529.0,-88.182493
472528.0,-88.182471
473527.0,-88.18245
474526.0,-89.151529
475525.0,-89.151507
476524.0,-88.67724
477523.0,-87.280598
478522.0,-87.61916
479521.0,-87.619138
480520.0,-87.619117
481519.0,-88.182279
482518.0,-89.151358
483517.0,-88.182236
484516.0,-88.45805
485515.0,-87.61901
486514.0,-88.182172
487513.0,-87.618967
488512.0,-88.18213
489511.0,-87.618925
490510.0,-87.017031
491509.0,-87.618882
492508.0,-87.61886
493507.0,-89.151123
494506.0,-89.151101
495505.0,-87.618796
496504.0,-87.618775
497503.0,-87.677842
498502.0,-88.181916
499501.0,-88.181894
500000.0,-88.181884
500500.0,-88.457708
501499.0,-88.457687
502498.0,-88.457666
503497.0,-88.181809
504496.0,-89.150888
505495.0,-88.181766
506494.0,-89.150845
507493.0,-88.457559
508492.0,-88.457537
509491.0,-88.457516
510490.0,-88.457495
511489.0,-87.618464
512488.0,-89.150737
513487.0,-87.618441
514486.0,-89.150713
515485.0,-90.182896
516484.0,-89.15069
517483.0,-88.457413
518482.0,-89.150666
519481.0,-89.150655
520480.0,-90.182838
521479.0,-87.016475
522478.0,-88.181519
523477.0,-89.150608
524476.0,-88.457331
525475.0,-88.45732
526474.0,-89.150573
527473.0,-89.150561
528472.0,-88.457285
529471.0,-89.320871
530470.0,-88.457261
531469.0,-90.182709
532468.0,-88.181403
533467.0,-88.457226
534466.0,-89.320813
535465.0,-89.320801
536464.0,-88.457191
537463.0,-89.150444
538462.0,-89.150433
539461.0,-88.457156
540460.0,-87.618125
541459.0,-89.150398
542458.0,-89.320719
543457.0,-89.320708
544456.0,-88.457098
545455.0,-89.150351
546454.0,-89.150339
547453.0,-88.457062
548452.0,-88.457051
549451.0,-88.457039
549500.0,-88.457039
550450.0,-89.150292
551449.0,-88.457016
552448.0,-88.457004
553447.0,-88.456992
554446.0,-88.456981
555445.0,-89.320567
556444.0,-89.150222
557443.0,-88.456946
558442.0,-89.320532
559441.0,-90.182382
560440.0,-90.18237
561439.0,-89.320497
562438.0,-88.456887
563437.0,-88.456875
564436.0,-89.320462
565435.0,-89.32045
566434.0,-89.320439
567433.0,-90.182288
568432.0,-89.320415
569431.0,-89.15007
570430.0,-89.320392
571429.0,-89.32038
572428.0,-89.320369
573427.0,-89.320357
574426.0,-89.320345
575425.0,-89.320333
576424.0,-89.320322
577423.0,-90.182172
578422.0,-90.18216
579421.0,-90.182148
580420.0,-90.182136
581419.0,-89.14993
582418.0,-90.182113
583417.0,-90.182101
584416.0,-91.258429
585415.0,-90.182078
586414.0,-89.320205
587413.0,-89.320193
588412.0,-90.182043
589411.0,-91.25837
590410.0,-90.18202
591409.0,-90.182008
592408.0,-90.181996
593407.0,-89.320123
594406.0,-91.258312
595405.0,-90.181961
596404.0,-91.258288
597403.0,-90.181938
598402.0,-91.258265
599000.0,-90.181919
599401.0,-91.258253
600400.0,-90.181903
601399.0,-90.181891
602398.0,-92.330318
603397.0,-90.181868
604396.0,-90.994905
605395.0,-90.181844
606394.0,-91.258171
607393.0,-90.99487
608392.0,-91.258148
609391.0,-91.258136
610390.0,-91.258125
611389.0,-92.330205
612388.0,-91.258085
613387.0,-90.181725
614386.0,-91.258043
615385.0,-92.330123
616384.0,-90.181663
617383.0,-91.257982
618382.0,-91.257961
619381.0,-92.33004
620380.0,-91.25792
621379.0,-91.257899
622378.0,-91.257878
623377.0,-90.994568
624376.0,-91.257837
625375.0,-90.181478
626374.0,-91.257796
627373.0,-92.329875
628372.0,-92.329854
629371.0,-92.329834
630370.0,-93.298913
631369.0,-91.257693
632368.0,-90.994383
633367.0,-90.994362
634366.0,-91.257631
635365.0,-93.756385
636364.0,-92.329689
637363.0,-92.329669
638362.0,-90.18121
639361.0,-92.329628
640360.0,-92.329607
641359.0,-91.257487
642358.0,-90.994177
643357.0,-92.329545
644356.0,-90.994135
645355.0,-90.994115
646354.0,-92.329483
647353.0,-93.756138
648352.0,-92.329442
648500.0,-90.99405
649351.0,-91.684841
650350.0,-92.329401
651349.0,-93.756055
652348.0,-92.329359
653347.0,-93.298439
654346.0,-92.329318
655345.0,-92.329297
656344.0,-92.329277
657343.0,-91.257157
658342.0,-92.329236
659341.0,-92.329215
660340.0,-90.993805
661339.0,-93.298274
662338.0,-92.329153
663337.0,-90.993743
664336.0,-92.329112
665335.0,-92.329091
666334.0,-90.993682
667333.0,-91.68447
668332.0,-91.684449
669331.0,-92.329009
670330.0,-93.298088
671329.0,-94.003878
672328.0,-94.003858
673327.0,-93.298026
674326.0,-91.684326
675325.0,-93.297985
676324.0,-92.328864
677323.0,-91.684264
678322.0,-90.993434
679321.0,-93.297903
680320.0,-92.328782
681319.0,-91.684181
682318.0,-93.297841
683317.0,-92.32872
684316.0,-90.99331
685315.0,-92.328679
686314.0,-90.993269
687313.0,-92.328638
688312.0,-93.297717
689311.0,-92.328596
690310.0,-90.287376
691309.0,-90.993166
692308.0,-90.993145
693307.0,-92.328514
694306.0,-93.297593
695305.0,-90.993083
696304.0,-90.993063
697303.0,-92.158098
698000.0,-92.158083
698302.0,-93.297511
699301.0,-90.993001
700300.0,-91.68379
701299.0,-92.328349
702298.0,-91.683748
703297.0,-91.683728
704296.0,-91.683707
705295.0,-92.157933
706294.0,-91.683666
707293.0,-93.297325
708292.0,-90.992815
709291.0,-92.328184
710290.0,-91.683583
711289.0,-91.683572
712288.0,-94.003056
713287.0,-93.297239
714286.0,-91.683553
715285.0,-90.992737
716284.0,-92.32812
717283.0,-93.297214
718282.0,-91.683527
719281.0,-91.683521
720280.0,-91.683514
721279.0,-91.683508
722278.0,-91.683502
723277.0,-91.683495
724276.0,-91.683489
725275.0,-92.328062
726274.0,-91.683476
727273.0,-91.68347
728272.0,-92.328043
729271.0,-90.992648
730270.0,-92.32803
731269.0,-91.683444
732268.0,-90.6254
733267.0,-93.297111
734266.0,-92.157671
735265.0,-93.297098
736264.0,-91.683412
737263.0,-91.683406
738262.0,-91.683399
739261.0,-91.683393
740260.0,-94.002877
741259.0,-92.157627
742258.0,-92.15762
743257.0,-91.683367
744256.0,-91.683361
745255.0,-92.157601
746254.0,-93.297028
747253.0,-90.625304
747500.0,-93.29702
748252.0,-91.683335
749251.0,-91.683329
750250.0,-91.683323
751249.0,-91.683316
752248.0,-90.28669
753247.0,-91.683303
754246.0,-91.683297
755245.0,-91.683291
756244.0,-91.683284
757243.0,-90.992469
758242.0,-91.683271
759241.0,-91.683265
760240.0,-93.296939
761239.0,-89.775107
762238.0,-91.683246
763237.0,-91.683239
764236.0,-93.296913
765235.0,-91.683227
766234.0,-92.157467
767233.0,-92.327794
768232.0,-91.683207
769231.0,-91.683201
770230.0,-91.683195
771229.0,-91.683188
772228.0,-92.157428
773227.0,-92.157422
774226.0,-90.99236
775225.0,-92.157409
776224.0,-91.683156
777223.0,-91.68315
778222.0,-91.683143
779221.0,-93.296817
780220.0,-91.683131
781219.0,-90.992315
782218.0,-90.992309
783217.0,-91.683112
784216.0,-90.625068
785215.0,-90.99229
786214.0,-94.002583
787213.0,-91.683086
788212.0,-90.99227
789211.0,-91.683073
790210.0,-91.683067
791209.0,-92.32764
792208.0,-90.992245
793207.0,-90.992238
794206.0,-91.683041
795205.0,-91.683035
796204.0,-92.157275
797000.0,-91.683023
797203.0,-91.683022
798202.0,-91.683016
799201.0,-91.683009
800200.0,-92.327583
801199.0,-90.992187
802198.0,-90.28637
803197.0,-90.992174
804196.0,-89.774832
805195.0,-90.286351
806194.0,-91.682964
807193.0,-92.327538
808192.0,-93.296632
809191.0,-91.682945
810190.0,-91.682939
811189.0,-90.992116
812188.0,-91.682904
813187.0,-90.992073
814186.0,-90.992052
815185.0,-91.682839
816184.0,-90.992008
817183.0,-91.682796
818182.0,-90.991965
819181.0,-91.682753
820180.0,-90.178873
821179.0,-92.32729
822178.0,-91.682688
823177.0,-91.682667
824176.0,-92.327225
825175.0,-90.991814
826174.0,-90.991793
827173.0,-92.32716
828172.0,-91.682559
829171.0,-90.991728
830170.0,-92.327096
831169.0,-92.327074
832168.0,-93.296153
833167.0,-91.682451
834166.0,-89.774284
835165.0,-91.682408
836164.0,-93.296067
837163.0,-93.296045
838162.0,-90.285723
839161.0,-90.991513
840160.0,-92.32688
841159.0,-93.753534
842158.0,-93.295937
843157.0,-90.991426
844156.0,-92.326794
845155.0,-92.326772
846154.0,-93.295851
846500.0,-91.682163
847153.0,-93.295829
848152.0,-91.682128
849151.0,-93.295786
850150.0,-95.166631
851149.0,-93.295743
852148.0,-93.295722
853147.0,-91.68202
854146.0,-93.295678
855145.0,-91.681977
856144.0,-95.166502
857143.0,-93.295614
858142.0,-93.295592
859141.0,-91.681891
860140.0,-94.00136
861139.0,-92.326427
862138.0,-93.295506
863137.0,-95.166351
864136.0,-93.295463
865135.0,-93.295441
866134.0,-92.32632
867133.0,-91.681718
868132.0,-93.295377
869131.0,-94.001166
870130.0,-93.295334
871129.0,-95.166178
872128.0,-93.29529
873127.0,-91.681589
874126.0,-96.305547
875125.0,-94.001037
876124.0,-93.295204
877123.0,-93.295183
878122.0,-94.000972
879121.0,-96.30544
880120.0,-94.000929
881119.0,-93.295096
882118.0,-94.000886
883117.0,-93.295053
884116.0,-93.295032
885115.0,-92.155577
886114.0,-94.000799
887113.0,-93.294967
888112.0,-93.294946
889111.0,-93.294924
890110.0,-95.165769
891109.0,-91.681201
892108.0,-94.00067
893107.0,-94.000649
894106.0,-95.165683
895105.0,-92.155361
896000.0,-93.294775
896104.0,-92.325673
897103.0,-91.681072
898102.0,-92.155297
899101.0,-94.000519
900100.0,-93.294687
901099.0,-93.294665
902098.0,-93.294644
903097.0,-91.680942
904096.0,-91.680921
905095.0,-93.294579
906094.0,-93.294558
907093.0,-93.294536
908092.0,-95.165381
909091.0,-94.000304
910090.0,-93.294471
911089.0,-94.000264
912088.0,-92.155012
913087.0,-93.294438
914086.0,-91.68075
915085.0,-94.000233
916084.0,-93.294415
917083.0,-94.000218
918082.0,-93.294399
919081.0,-93.294392
920080.0,-94.000195
921079.0,-91.680696
922078.0,-94.000179
923077.0,-93.294361
924076.0,-91.680673
925075.0,-94.000156
926074.0,-92.325237
927073.0,-92.32523
928072.0,-93.294322
929071.0,-93.294314
930070.0,-93.294306
931069.0,-91.680619
932068.0,-92.325191
933067.0,-94.000094
934066.0,-92.154842
935065.0,-94.000078
936064.0,-94.000071
937063.0,-92.154819
938062.0,-93.294244
939061.0,-94.000047
940060.0,-92.154795
941059.0,-92.154788
942058.0,-93.294214
943057.0,-94.000017
944056.0,-91.680518
945055.0,-92.154757
945500.0,-92.154753
946054.0,-93.999993
947053.0,-92.325075
948052.0,-93.999978
949051.0,-92.154726
950050.0,-93.999962
951049.0,-92.15471
952048.0,-91.680456
953047.0,-93.999939
954046.0,-93.999931
955045.0,-93.294113
956044.0,-93.999916
957043.0,-92.154664
958042.0,-93.9999
959041.0,-93.999893
960040.0,-93.294074
961039.0,-93.294066
962038.0,-93.294059
963037.0,-93.999862
964036.0,-93.999854
965035.0,-93.999846
966034.0,-92.324928
967033.0,-93.999831
968032.0,-93.999823
969031.0,-93.294004
970030.0,-93.999807
971029.0,-93.9998
972028.0,-92.154548
973027.0,-92.15454
974026.0,-92.154532
975025.0,-93.999769
976024.0,-93.29395
977023.0,-92.154509
978022.0,-94.263035
979021.0,-93.999738
980020.0,-93.293919
981019.0,-93.999722
982018.0,-93.999715
983017.0,-93.999707
984016.0,-93.999699
985015.0,-92.154447
986014.0,-93.999684
987013.0,-93.293865
988012.0,-90.989368
989011.0,-93.99966
990010.0,-92.154408
991009.0,-93.999645
992008.0,-92.154393
993007.0,-92.154385
994006.0,-93.293811
995000.0,-93.293803
995005.0,-92.15437
996004.0,-90.74107
997003.0,-93.999598
998002.0,-93.29378
999001.0,-92.154339
1044500.0,-93.293246
1094000.0,-92.153174
1143500.0,-93.997806
1193000.0,-93.997209
1242500.0,-96.301081
1292000.0,-96.300453
1341500.0,-97.26886
1391000.0,-99.309325
1440500.0,-99.308799
1490000.0,-96.298119
1539500.0,-97.266677
1589000.0,-99.307211
1638500.0,-97.265396
1688000.0,-99.306023
1737500.0,-99.305473
1787000.0,-106.294645
1836500.0,-106.294072
1886000.0,-106.293452
1935500.0,-112.313528
1985000.0,-106.292507
2034500.0,-106.292019
2084000.0,-106.291454
2133500.0,-99.301217
2183000.0,-106.290417
2232500.0,-100.269299
2282000.0,-96.746931
2331500.0,-100.26821
2381000.0,-94.24706
2430500.0,-96.74536
2480000.0,-93.982951
2529500.0,-96.287054
2579000.0,-92.136858
2628500.0,-92.136361
2678000.0,-90.603508
2727500.0,-90.602989
2777000.0,-90.264001
2826500.0,-89.294449
2876000.0,-90.720554
2925500.0,-89.0403
2975000.0,-87.95759
3024500.0,-86.739894
3074000.0,-87.956935
3123500.0,-86.111309
3173000.0,-85.906683
3222500.0,-86.109982
3272000.0,-86.109604
3321500.0,-84.576908
3371000.0,-84.432029
3420500.0,-84.237187
3470000.0,-83.773774
3519500.0,-83.267279
3569000.0,-82.45714
3618500.0,-83.605299
3668000.0,-82.456327
3717500.0,-82.043527
3767000.0,-81.788496
3816500.0,-81.432138
3866000.0,-81.431776
3915500.0,-80.846158
3965000.0,-80.959252
4014500.0,-80.958879
4064000.0,-80.509739
4113500.0,-79.988747
4163000.0,-79.988402
4212500.0,-79.877082
4262000.0,-79.486335
4311500.0,-79.485906
4361000.0,-78.749922
4410500.0,-78.402196
4460000.0,-78.650084
4509500.0,-77.982442
4559000.0,-78.066649
4608500.0,-77.6649
4658000.0,-77.43131
4707500.0,-77.27484
4757000.0,-77.060683
4806500.0,-76.836684
4856000.0,-76.493564
4905500.0,-76.49311
4955000.0,-76.698911
5004500.0,-75.898749
5054000.0,-75.582842
5103500.0,-75.646076
5153000.0,-75.702499
5202500.0,-75.16091
5252000.0,-74.927502
5301500.0,-74.872981
5351000.0,-74.648279
5400500.0,-74.428975
5450000.0,-74.261168
5499500.0,-74.005601
5549000.0,-73.800894
5598500.0,-73.600599
5648000.0,-73.600195
5697500.0,-72.943451
5747000.0,-73.171463
5796500.0,-72.802982
5846000.0,-72.624067
5895500.0,-72.584488
5945000.0,-72.240297
5994500.0,-72.072752
6044000.0,-71.871798
6093500.0,-71.711713
6143000.0,-71.711446
6192500.0,-71.432003
6242000.0,-71.064329
6291500.0,-71.278037
6341000.0,-70.80463
6390500.0,-70.740349
6440000.0,-70.599619
6489500.0,-70.324814
6539000.0,-70.324584
6588500.0,-70.057712
6638000.0,-69.897733
6687500.0,-69.769653
6737000.0,-69.643276
6786500.0,-69.368238
6836000.0,-69.299812
6885500.0,-69.128448
6935000.0,-68.920075
6984500.0,-68.755249
7034000.0,-68.642785
7083500.0,-68.616012
7133000.0,-68.313302
7182500.0,-68.205894
7232000.0,-68.076553
7281500.0,-67.846246
7331000.0,-67.767512
7380500.0,-67.644268
7430000.0,-67.305719
7479500.0,-67.32832
7529000.0,-67.187296
7578500.0,-67.023645
7628000.0,-66.81906
7677500.0,-66.660633
7727000.0,-66.660319
7776500.0,-66.443768
7826000.0,-66.272321
7875500.0,-66.18775
7925000.0,-66.001678
7974500.0,-65.899666
8024000.0,-65.659164
8073500.0,-65.48344
8123000.0,-65.48295
8172500.0,-65.329372
8222000.0,-65.235088
8271500.0,-65.012156
8321000.0,-64.993809
8370500.0,-64.84863
8420000.0,-64.618138
8469500.0,-64.479127
8519000.0,-64.325648
8568500.0,-64.325286
8618000.0,-64.174152
8667500.0,-64.041979
8717000.0,-63.879251
8766500.0,-63.798324
8816000.0,-63.609616
8865500.0,-63.485697
8915000.0,-63.408444
8964500.0,-63.153253
9014000.0,-63.109103
9063500.0,-62.962284
9113000.0,-62.84721
9162500.0,-62.704328
9212000.0,-62.55221
9261500.0,-62.468485
9311000.0,-62.292285
9360500.0,-62.119552
9410000.0,-62.067211
9459500.0,-61.935804
9509000.0,-61.783691
9558500.0,-61.670069
9608000.0,-61.571361
9657500.0,-61.473566
9707000.0,-61.316113
9756500.0,-61.148423
9806000.0,-60.98349
9855500.0,-60.847002
9905000.0,-60.789118
9954500.0,-60.643378
10004000.0,-60.50008
10053500.0,-60.359104
10103000.0,-60.262271
10152500.0,-60.154368
10202000.0,-59.990037
10251500.0,-59.925452
10301000.0,-59.702447
10350500.0,-59.651141
10400000.0,-59.484615
10449500.0,-59.384892
10499000.0,-59.297621
10548500.0,-59.13763
10598000.0,-59.089302
10647500.0,-58.957462
10697000.0,-58.803284
10746500.0,-58.675557
10796000.0,-58.549673
10845500.0,-58.470239
10895000.0,-58.313837
10944500.0,-58.203592
10994000.0,-58.051696
11043500.0,-57.965587
11093000.0,-57.827868
11142500.0,-57.702132
11192000.0,-57.558134
11241500.0,-57.476242
11291000.0,-57.336026
11340500.0,-57.227054
11390000.0,-57.119432
11439500.0,-56.984673
11489000.0,-56.879518
11538500.0,-56.803051
11588000.0,-56.67272
11637500.0,-56.534349
11687000.0,-56.39822
11736500.0,-56.299776
11786000.0,-56.176709
11835500.0,-56.080459
11885000.0,-55.975275
11934500.0,-55.871086
11984000.0,-55.729389
12033500.0,-55.594446
12083000.0,-55.504188
12132500.0,-55.414819
12182000.0,-55.303453
12231500.0,-55.219539
12281000.0,-55.100984
12330500.0,-54.940247
12380000.0,-54.846757
12429500.0,-54.744774
12479000.0,-54.632481
12528500.0,-54.530738
12578000.0,-54.411147
12627500.0,-54.282138
12677000.0,-54.194674
12726500.0,-54.079299
12776000.0,-53.973961
12825500.0,-53.860846
12875000.0,-53.75827
12924500.0,-53.666354
12974000.0,-53.556787
13023500.0,-53.439346
13073000.0,-53.341078
13122500.0,-53.226268
13172000.0,-53.104569
13221500.0,-53.018313
13271000.0,-52.907191
13320500.0,-52.78938
13370000.0,-52.680627
13419500.0,-52.5815
13469000.0,-52.459347
13518500.0,-52.369712
13568000.0,-52.243232
13617500.0,-52.163753
13667000.0,-52.038388
13716500.0,-51.922829
13766000.0,-51.816865
13815500.0,-51.740627
13865000.0,-51.626354
13914500.0,-51.515602
13964000.0,-51.398296
14013500.0,-51.303842
14063000.0,-51.197156
14112500.0,-51.075811
14162000.0,-50.979306
14211500.0,-50.872864
14261000.0,-50.757951
14310500.0,-50.65346
14360000.0,-50.54585
14409500.0,-50.431829
14459000.0,-50.346133
14508500.0,-50.215244
14558000.0,-50.123792
14607500.0,-50.01436
14657000.0,-49.894919
14706500.0,-49.798563
14756000.0,-49.685135
14805500.0,-49.598283
14855000.0,-49.487016
14904500.0,-49.376869
14954000.0,-49.257718
15003500.0,-49.166874
15053000.0,-49.059831
15102500.0,-48.946721
15152000.0,-48.844192
15201500.0,-48.740358
15251000.0,-48.644575
15300500.0,-48.535724
15350000.0,-48.436829
15399500.0,-48.338758
15449000.0,-48.219096
15498500.0,-48.121233
15548000.0,-48.010686
15597500.0,-47.917503
15647000.0,-47.80913
15696500.0,-47.716721
15746000.0,-47.603686
15795500.0,-47.491492
15845000.0,-47.395335
15894500.0,-47.298273
15944000.0,-47.189873
15993500.0,-47.089149
16043000.0,-46.995691
16092500.0,-46.889552
16142000.0,-46.785156
16191500.0,-46.687685
16241000.0,-46.584588
16290500.0,-46.494918
16340000.0,-46.393329
16389500.0,-46.292784
16439000.0,-46.205311
16488500.0,-46.100238
16538000.0,-46.001921
16587500.0,-45.898451
16637000.0,-45.807208
16686500.0,-45.704844
16736000.0,-45.614706
16785500.0,-45.518911
16835000.0,-45.424475
16884500.0,-45.32492
16934000.0,-45.22615
16983500.0,-45.127243
17033000.0,-45.028915
17082500.0,-44.93663
17132000.0,-44.845025
17181500.0,-44.747588
17231000.0,-44.657672
17280500.0,-44.567088
17330000.0,-44.476999
17379500.0,-44.377381
17429000.0,-44.282677
17478500.0,-44.194075
17528000.0,-44.10445
17577500.0,-44.016683
17627000.0,-43.92398
17676500.0,-43.829323
17726000.0,-43.734876
17775500.0,-43.647775
17825000.0,-43.555779
17874500.0,-43.464331
17924000.0,-43.371524
17973500.0,-43.276018
18023000.0,-43.184391
18072500.0,-43.099499
18122000.0,-43.010682
18171500.0,-42.915342
18221000.0,-42.831645
18270500.0,-42.737056
18320000.0,-42.650915
18369500.0,-42.563039
18419000.0,-42.467832
18468500.0,-42.381069
18518000.0,-42.294939
18567500.0,-42.201325
18617000.0,-42.113126
18666500.0,-42.025475
18716000.0,-41.931071
18765500.0,-41.846508
18815000.0,-41.759998
18864500.0,-41.666667
18914000.0,-41.58991
18963500.0,-41.503999
19013000.0,-41.411766
19062500.0,-41.321742
19112000.0,-41.243
19161500.0,-41.150817
19211000.0,-41.063494
19260500.0,-40.982592
19310000.0,-40.895732
19359500.0,-40.810906
19409000.0,-40.723545
19458500.0,-40.645226
19508000.0,-40.558446
19557500.0,-40.473101
19607000.0,-40.387797
19656500.0,-40.301451
19706000.0,-40.216213
19755500.0,-40.138129
19805000.0,-40.055899
19854500.0,-39.973578
19904000.0,-39.887123
19953500.0,-39.803165
20003000.0,-39.723557
20052500.0,-39.639819
20102000.0,-39.552925
20151500.0,-39.477328
20201000.0,-39.395713
20250500.0,-39.310021
20300000.0,-39.228722
20349500.0,-39.151328
20399000.0,-39.067039
20448500.0,-38.982794
20498000.0,-38.902372
20547500.0,-38.822325
20597000.0,-38.742931
20646500.0,-38.663068
20696000.0,-38.58008
20745500.0,-38.501634
20795000.0,-38.418251
20844500.0,-38.338998
20894000.0,-38.256616
20943500.0,-38.177445
20993000.0,-38.09516
21042500.0,-38.016026
21092000.0,-37.930151
21141500.0,-37.850834
21191000.0,-37.768053
21240500.0,-37.685206
21290000.0,-37.605441
21339500.0,-37.522048
21389000.0,-37.438473
21438500.0,-37.354745
21488000.0,-37.273299
21537500.0,-37.188514
21587000.0,-37.103218
21636500.0,-37.017972
21686000.0,-36.92936
21735500.0,-36.842898
21785000.0,-36.758678
21834500.0,-36.66834
21884000.0,-36.579612
21933500.0,-36.495351
21983000.0,-36.413661
22032500.0,-36.321664
22082000.0,-36.232538
22131500.0,-36.150571
22181000.0,-36.061109
22230500.0,-35.979017
22280000.0,-35.893452
22329500.0,-35.809202
22379000.0,-35.728884
22428500.0,-35.648434
22478000.0,-35.571602
22527500.0,-35.487477
22577000.0,-35.40949
22626500.0,-35.3274
22676000.0,-35.247506
22725500.0,-35.16986
22775000.0,-35.090923
22824500.0,-35.00593
22874000.0,-34.927864
22923500.0,-34.850743
22973000.0,-34.773684
23022500.0,-34.698549
23072000.0,-34.623942
23121500.0,-34.547863
23171000.0,-34.474835
23220500.0,-34.403183
23270000.0,-34.332676
23319500.0,-34.261931
23369000.0,-34.193377
23418500.0,-34.126087
23468000.0,-34.060214
23517500.0,-33.998744
23567000.0,-33.929964
23616500.0,-33.870311
23666000.0,-33.808569
23715500.0,-33.746278
23765000.0,-33.692279
23814500.0,-33.637566
23864000.0,-33.584279
23913500.0,-33.538409
23963000.0,-33.490852
24012500.0,-33.447271
24062000.0,-33.404626
24111500.0,-33.362894
24161000.0,-33.328712
24210500.0,-33.296672
24260000.0,-33.266542
24309500.0,-33.23633
24359000.0,-33.21387
24408500.0,-33.193262
24458000.0,-33.176567
24507500.0,-33.164316
24557000.0,-33.150886
24606500.0,-33.144195
24656000.0,-33.141379
24705500.0,-33.144313
24755000.0,-33.145065
24804500.0,-33.156556
24854000.0,-33.166818
24903500.0,-33.179307
24953000.0,-33.200869
25002500.0,-33.223276
25052000.0,-33.251853
25101500.0,-33.283114
25151000.0,-33.316972
25200500.0,-33.359135
25250000.0,-33.396457
25299500.0,-33.445904
25349000.0,-33.496523
25398500.0,-33.552811
25448000.0,-33.609549
25497500.0,-33.666987
25547000.0,-33.736112
25596500.0,-33.804068
25646000.0,-33.873207
25695500.0,-33.950227
25745000.0,-34.027113
25794500.0,-34.106104
25844000.0,-34.187467
25893500.0,-34.274094
25943000.0,-34.359488
25992500.0,-34.450777
26042000.0,-34.539115
26091500.0,-34.635645
26141000.0,-34.729811
26190500.0,-34.831388
26240000.0,-34.926226
26289500.0,-35.02319
26339000.0,-35.121467
26388500.0,-35.218704
26438000.0,-35.319198
26487500.0,-35.418215
26537000.0,-35.51038
26586500.0,-35.611063
26636000.0,-35.704272
26685500.0,-35.801218
26735000.0,-35.889827
26784500.0,-35.979638
26834000.0,-36.06791
26883500.0,-36.153089
26933000.0,-36.23404
26982500.0,-36.308694
27032000.0,-36.380445
27081500.0,-36.448066
27131000.0,-36.514728
27180500.0,-36.577309
27230000.0,-36.632565
27279500.0,-36.686513
27329000.0,-36.737852
27378500.0,-36.783696
27428000.0,-36.826837
27477500.0,-36.872367
27527000.0,-36.904948
27576500.0,-36.942214
27626000.0,-36.971653
27675500.0,-36.991729
27725000.0,-37.00836
27774500.0,-37.012824
27824000.0,-37.000336
27873500.0,-36.973323
27923000.0,-36.933279
27972500.0,-36.876036
28022000.0,-36.811749
28071500.0,-36.732653
28121000.0,-36.65509
28170500.0,-36.577502
28220000.0,-36.495294
28269500.0,-36.414926
28319000.0,-36.340571
28368500.0,-36.267887
28418000.0,-36.198903
28467500.0,-36.134875
28517000.0,-36.076941
28566500.0,-36.023799
28616000.0,-35.976644
28665500.0,-35.932598
28715000.0,-35.894778
28764500.0,-35.860231
28814000.0,-35.83365
28863500.0,-35.80873
28913000.0,-35.793523
28962500.0,-35.784443
29012000.0,-35.779648
29061500.0,-35.783706
29111000.0,-35.792688
29160500.0,-35.808723
29210000.0,-35.828071
29259500.0,-35.858804
29309000.0,-35.89089
29358500.0,-35.936646
29408000.0,-35.985362
29457500.0,-36.040173
29507000.0,-36.104444
29556500.0,-36.170666
29606000.0,-36.247069
29655500.0,-36.328193
29705000.0,-36.410903
29754500.0,-36.503577
29804000.0,-36.599852
29853500.0,-36.700487
29903000.0,-36.805817
29952500.0,-36.915224
30002000.0,-37.02198
30051500.0,-37.137185
30101000.0,-37.25614
30150500.0,-37.377961
30200000.0,-37.499212
30249500.0,-37.624656
30299000.0,-37.750551
30348500.0,-37.878576
30398000.0,-38.010614
30447500.0,-38.137857
30497000.0,-38.266791
30546500.0,-38.400576
30596000.0,-38.53476
30645500.0,-38.675908
30695000.0,-38.812494
30744500.0,-38.948722
30794000.0,-39.091102
30843500.0,-39.236573
30893000.0,-39.380419
30942500.0,-39.529001
30992000.0,-39.673638
31041500.0,-39.824691
31091000.0,-39.983478
31140500.0,-40.140431
31190000.0,-40.303439
31239500.0,-40.467213
31289000.0,-40.630705
31338500.0,-40.804344
31388000.0,-40.978735
31437500.0,-41.144246
31487000.0,-41.320952
31536500.0,-41.49961
31586000.0,-41.6846
31635500.0,-41.872966
31685000.0,-42.051501
31734500.0,-42.238738
31784000.0,-42.428
31833500.0,-42.609601
31883000.0,-42.81075
31932500.0,-42.997618
31982000.0,-43.188429
32031500.0,-43.381149
32081000.0,-43.584225
32130500.0,-43.772225
32180000.0,-43.970591
32229500.0,-44.172859
32279000.0,-44.365044
32328500.0,-44.568035
32378000.0,-44.776044
32427500.0,-44.981584
32477000.0,-45.175061
32526500.0,-45.380764
32576000.0,-45.590712
32625500.0,-45.789222
32675000.0,-45.991937
32724500.0,-46.198823
32774000.0,-46.39352
32823500.0,-46.609139
32873000.0,-46.811499
32922500.0,-47.018578
32972000.0,-47.220778
33021500.0,-47.416608
33071000.0,-47.616762
33120500.0,-47.81897
33170000.0,-48.008264
33219500.0,-48.220743
33269000.0,-48.414213
33318500.0,-48.609763
33368000.0,-48.800705
33417500.0,-48.995255
33467000.0,-49.177579
33516500.0,-49.350569
33566000.0,-49.515716
33615500.0,-49.693177
33665000.0,-49.860195
33714500.0,-50.035375
33764000.0,-50.190036
33813500.0,-50.352518
33863000.0,-50.499449
33912500.0,-50.661441
33962000.0,-50.833258
34011500.0,-50.955246
34061000.0,-51.130833
34110500.0,-51.253304
34160000.0,-51.370251
34209500.0,-51.533394
34259000.0,-51.640451
34308500.0,-51.777239
34358000.0,-51.896212
34407500.0,-52.010281
34457000.0,-52.122925
34506500.0,-52.210647
34556000.0,-52.312538
34605500.0,-52.404358
34655000.0,-52.488764
34704500.0,-52.574084
34754000.0,-52.646452
34803500.0,-52.707821
34853000.0,-52.767112
34902500.0,-52.813692
34952000.0,-52.883561
35001500.0,-52.931954
35051000.0,-53.008968
35100500.0,-53.03303
35150000.0,-53.087128
35199500.0,-53.117591
35249000.0,-53.126571
35298500.0,-53.177145
35348000.0,-53.184641
35397500.0,-53.188371
35447000.0,-53.218352
35496500.0,-53.231615
35546000.0,-53.256483
35595500.0,-53.238325
35645000.0,-53.244249
35694500.0,-53.247455
35744000.0,-53.250699
35793500.0,-53.236635
35843000.0,-53.220432
35892500.0,-53.202201
35942000.0,-53.181883
35991500.0,-53.180095
36041000.0,-53.151097
36090500.0,-53.103493
36140000.0,-53.069768
36189500.0,-53.029812
36239000.0,-52.988542
36288500.0,-52.946004
36338000.0,-52.895046
36387500.0,-52.84968
36437000.0,-52.803154
36486500.0,-52.75566
36536000.0,-52.682555
36585500.0,-52.600884
36635000.0,-52.543171
36684500.0,-52.46898
36734000.0,-52.426865
36783500.0,-52.361121
36833000.0,-52.286194
36882500.0,-52.243182
36932000.0,-52.167765
36981500.0,-52.095329
37031000.0,-52.035532
37080500.0,-51.985377
37130000.0,-51.913646
37179500.0,-51.853771
37229000.0,-51.78816
37278500.0,-51.753571
37328000.0,-51.68797
37377500.0,-51.601863
37427000.0,-51.531472
37476500.0,-51.461789
37526000.0,-51.432364
37575500.0,-51.358445
37625000.0,-51.289712
37674500.0,-51.230427
37724000.0,-51.177062
37773500.0,-51.123572
37823000.0,-51.055512
37872500.0,-50.98799
37922000.0,-50.935325
37971500.0,-50.878928
38021000.0,-50.812651
38070500.0,-50.753198
38120000.0,-50.705694
38169500.0,-50.608888
38219000.0,-50.550559
38268500.0,-50.510044
38318000.0,-50.44247
38367500.0,-50.385328
38417000.0,-50.332042
38466500.0,-50.279213
38516000.0,-50.226881
38565500.0,-50.184516
38615000.0,-50.119206
38664500.0,-50.090312
38714000.0,-50.05193
38763500.0,-50.0008
38813000.0,-49.972614
38862500.0,-49.922109
38912000.0,-49.884758
38961500.0,-49.860263
39011000.0,-49.822999
39060500.0,-49.779342
39110000.0,-49.75437
39159500.0,-49.717148
39209000.0,-49.683812
39258500.0,-49.644258
39308000.0,-49.619932
39357500.0,-49.595819
39407000.0,-49.559892
39456500.0,-49.524009
39506000.0,-49.500137
39555500.0,-49.4642
39605000.0,-49.431693
39654500.0,-49.405541
39704000.0,-49.370042
39753500.0,-49.334758
39803000.0,-49.302867
39852500.0,-49.265385
39902000.0,-49.242432
39951500.0,-49.207703
40001000.0,-49.16157
40050500.0,-49.153714
40100000.0,-49.134128
40149500.0,-49.08574
40199000.0,-49.049191
40248500.0,-49.015476
40298000.0,-48.998819
40347500.0,-48.948628
40397000.0,-48.929575
40446500.0,-48.893931
40496000.0,-48.842884
40545500.0,-48.832437
40595000.0,-48.796921
40644500.0,-48.764058
40694000.0,-48.731531
40743500.0,-48.696681
40793000.0,-48.666321
40842500.0,-48.633583
40892000.0,-48.601142
40941500.0,-48.568841
40991000.0,-48.534472
41040500.0,-48.502629
41090000.0,-48.468464
41139500.0,-48.436763
41189000.0,-48.405343
41238500.0,-48.360988
41288000.0,-48.327431
41337500.0,-48.287852
41387000.0,-48.263038
41436500.0,-48.221636
41486000.0,-48.191004
41535500.0,-48.160488
41585000.0,-48.136238
41634500.0,-48.085206
41684000.0,-48.050743
41733500.0,-48.031158
41783000.0,-47.988758
41832500.0,-47.936317
41882000.0,-47.92506
41931500.0,-47.88325
41981000.0,-47.854052
42030500.0,-47.812749
42080000.0,-47.767296
42129500.0,-47.748524
42179000.0,-47.719767
42228500.0,-47.684636
42278000.0,-47.636298
42327500.0,-47.603612
42377000.0,-47.582979
42426500.0,-47.560237
42476000.0,-47.510618
42525500.0,-47.476449
42575000.0,-47.458271
42624500.0,-47.423839
42674000.0,-47.393804
42723500.0,-47.361679
42773000.0,-47.325397
42822500.0,-47.295888
42872000.0,-47.266466
42921500.0,-47.225566
42971000.0,-47.194172
43020500.0,-47.162863
43070000.0,-47.133695
43119500.0,-47.100024
43169000.0,-47.071011
43218500.0,-47.047077
43268000.0,-47.007233
43317500.0,-46.985868
43367000.0,-46.96461
43416500.0,-46.925472
43466000.0,-46.89754
43515500.0,-46.87607
43565000.0,-46.845651
43614500.0,-46.828458
43664000.0,-46.798195
43713500.0,-46.775004
43763000.0,-46.740729
43812500.0,-46.708825
43862000.0,-46.68801
43911500.0,-46.656106
43961000.0,-46.635222
44010500.0,-46.611817
44060000.0,-46.579883
44109500.0,-46.561514
44159000.0,-46.536077
44208500.0,-46.498483
44258000.0,-46.477987
44307500.0,-46.455178
44357000.0,-46.423942
44406500.0,-46.39736
44456000.0,-46.374447
44505500.0,-46.343608
44555000.0,-46.321082
44604500.0,-46.298063
44654000.0,-46.269334
44703500.0,-46.241226
44753000.0,-46.231975
44802500.0,-46.200871
44852000.0,-46.188568
44901500.0,-46.168327
44951000.0,-46.145641
45000500.0,-46.123053
45050000.0,-46.092465
45099500.0,-46.072388
45149000.0,-46.05528
45198500.0,-46.035456
45248000.0,-46.013139
45297500.0,-45.993428
45347000.0,-45.960777
45396500.0,-45.940815
45446000.0,-45.926107
45495500.0,-45.903927
45545000.0,-45.89218
45594500.0,-45.859263
45644000.0,-45.854731
45693500.0,-45.82975
45743000.0,-45.810096
45792500.0,-45.787679
45842000.0,-45.7626
45891500.0,-45.747675
45941000.0,-45.732702
45990500.0,-45.710564
46040000.0,-45.685869
46089500.0,-45.666271
46139000.0,-45.65138
46188500.0,-45.629087
46238000.0,-45.611551
46287500.0,-45.591972
46337000.0,-45.566896
46386500.0,-45.544493
46436000.0,-45.529417
46485500.0,-45.511668
46535000.0,-45.489449
46584500.0,-45.477225
46634000.0,-45.462132
46683500.0,-45.432449
46733000.0,-45.418749
46782500.0,-45.406688
46832000.0,-45.384856
46881500.0,-45.363025
46931000.0,-45.352583
46980500.0,-45.329369
47030000.0,-45.321742
47079500.0,-45.30989
47129000.0,-45.295155
47178500.0,-45.270337
47228000.0,-45.255339
47277500.0,-45.240474
47327000.0,-45.218769
47376500.0,-45.200986
47426000.0,-45.185991
47475500.0,-45.154084
47525000.0,-45.145675
47574500.0,-45.130382
47624000.0,-45.10143
47673500.0,-45.09022
47723000.0,-45.075441
47772500.0,-45.05317
47822000.0,-45.039371
47871500.0,-45.017841
47921000.0,-45.009422
47970500.0,-44.980839
48020000.0,-44.96261
48069500.0,-44.957096
48119000.0,-44.938771
48168500.0,-44.910338
48218000.0,-44.901978
48267500.0,-44.883745
48317000.0,-44.861562
48366500.0,-44.845959
48416000.0,-44.83379
48465500.0,-44.815069
48515000.0,-44.8026
48564500.0,-44.783963
48614000.0,-44.768719
48663500.0,-44.747028
48713000.0,-44.738105
48762500.0,-44.719577
48812000.0,-44.691385
48861500.0,-44.669486
48911000.0,-44.656703
48960500.0,-44.631377
49010000.0,-44.606837
49059500.0,-44.59795
49109000.0,-44.572701
49158500.0,-44.559917
49208000.0,-44.534904
49257500.0,-44.512844
49307000.0,-44.496964
49356500.0,-44.474605
49406000.0,-44.458825
49455500.0,-44.436539
49505000.0,-44.418208
49554500.0,-44.403143
49604000.0,-44.386702
49653500.0,-44.361494
49703000.0,-44.336677
49752500.0,-44.320494
49802000.0,-44.301066
49851500.0,-44.287501
49901000.0,-44.26498
49950500.0,-44.251666
